age,sex,cp,trtbps,chol,fbs,restecg,thalachh,output
-1.62746694241347,0.816496580927726,-1.5689290811054721,0.0,1.414213562373095,-0.816496580927726,0.816496580927726,0.0,0.816496580927726
0.11624763874381928,-1.224744871391589,0.392232270276368,0.7071067811865475,0.7071067811865475,1.224744871391589,-1.224744871391589,0.7071067811865475,-1.224744871391589
1.278724026182012,0.816496580927726,-0.5883484054145521,1.414213562373095,0.0,-0.816496580927726,0.816496580927726,1.414213562373095,0.816496580927726
-0.46499055497527714,-1.224744871391589,1.372812945967288,-0.7071067811865475,-0.7071067811865475,-0.816496580927726,0.816496580927726,-0.7071067811865475,-1.224744871391589
0.6974858324629157,0.816496580927726,0.392232270276368,-1.414213562373095,-1.414213562373095,1.224744871391589,-1.224744871391589,-1.414213562373095,0.816496580927726
